n,S,T,b,r,B_mod3,singleton_lifts,certificate,odd_length,odd_trace_delta,arc_length,arc_signature_S,arc_signature_T,unit_multiplier
6,"[1,3,4]","[2,3,5]",0,1,0,"[1,1]",multiplier_iso,,,,,,5
12,"[1,3,9]","[1,5,11]",1,2,1,"[0,0]",arc_cycle,,,4,"[3,4,5]","[3,3,6]",
12,"[1,3,9]","[5,7,11]",1,2,1,"[0,1]",arc_cycle,,,4,"[3,4,5]","[3,3,6]",
12,"[1,5,7]","[3,5,9]",5,2,2,"[0,0]",arc_cycle,,,4,"[3,3,6]","[3,4,5]",
12,"[1,5,7]","[3,9,11]",5,2,2,"[0,1]",arc_cycle,,,4,"[3,3,6]","[3,4,5]",
12,"[1,7,11]","[3,5,9]",5,2,2,"[1,0]",arc_cycle,,,4,"[3,3,6]","[3,4,5]",
12,"[1,7,11]","[3,9,11]",5,2,2,"[1,1]",arc_cycle,,,4,"[3,3,6]","[3,4,5]",
12,"[2,6,8]","[4,6,10]",0,1,0,"[1,1]",multiplier_iso,,,,,,5
12,"[3,5,11]","[1,3,7]",3,2,0,"[0,0]",multiplier_iso,,,,,,5
12,"[3,5,11]","[1,7,9]",3,2,0,"[0,1]",multiplier_iso,,,,,,11
12,"[3,7,9]","[1,5,11]",1,2,1,"[1,0]",arc_cycle,,,4,"[3,4,5]","[3,3,6]",
12,"[3,7,9]","[5,7,11]",1,2,1,"[1,1]",arc_cycle,,,4,"[3,4,5]","[3,3,6]",
12,"[5,9,11]","[1,3,7]",3,2,0,"[1,0]",multiplier_iso,,,,,,11
12,"[5,9,11]","[1,7,9]",3,2,0,"[1,1]",multiplier_iso,,,,,,5
18,"[1,4,13]","[1,7,16]",1,3,1,"[0,0]",odd_trace,3,54,,,,
18,"[1,4,13]","[7,10,16]",1,3,1,"[0,1]",odd_trace,3,54,,,,
18,"[1,7,10]","[4,7,13]",7,3,1,"[0,0]",odd_trace,3,54,,,,
18,"[1,7,10]","[4,13,16]",7,3,1,"[0,1]",odd_trace,3,54,,,,
18,"[1,10,16]","[4,7,13]",7,3,1,"[1,0]",odd_trace,3,54,,,,
18,"[1,10,16]","[4,13,16]",7,3,1,"[1,1]",odd_trace,3,54,,,,
18,"[2,5,14]","[2,8,17]",2,3,2,"[0,0]",odd_trace,3,-54,,,,
18,"[2,5,14]","[8,11,17]",2,3,2,"[0,1]",odd_trace,3,-54,,,,
18,"[2,8,11]","[5,8,14]",8,3,2,"[0,0]",odd_trace,3,-54,,,,
18,"[2,8,11]","[5,14,17]",8,3,2,"[0,1]",odd_trace,3,-54,,,,
18,"[2,11,17]","[5,8,14]",8,3,2,"[1,0]",odd_trace,3,-54,,,,
18,"[2,11,17]","[5,14,17]",8,3,2,"[1,1]",odd_trace,3,-54,,,,
18,"[3,9,12]","[6,9,15]",0,1,0,"[1,1]",multiplier_iso,,,,,,5
18,"[4,7,16]","[1,4,10]",4,3,1,"[0,0]",odd_trace,3,54,,,,
18,"[4,7,16]","[1,10,13]",4,3,1,"[0,1]",odd_trace,3,54,,,,
18,"[4,10,13]","[1,7,16]",1,3,1,"[1,0]",odd_trace,3,54,,,,
18,"[4,10,13]","[7,10,16]",1,3,1,"[1,1]",odd_trace,3,54,,,,
18,"[5,8,17]","[2,5,11]",5,3,2,"[0,0]",odd_trace,3,-54,,,,
18,"[5,8,17]","[2,11,14]",5,3,2,"[0,1]",odd_trace,3,-54,,,,
18,"[5,11,14]","[2,8,17]",2,3,2,"[1,0]",odd_trace,3,-54,,,,
18,"[5,11,14]","[8,11,17]",2,3,2,"[1,1]",odd_trace,3,-54,,,,
18,"[7,13,16]","[1,4,10]",4,3,1,"[1,0]",odd_trace,3,54,,,,
18,"[7,13,16]","[1,10,13]",4,3,1,"[1,1]",odd_trace,3,54,,,,
18,"[8,14,17]","[2,5,11]",5,3,2,"[1,0]",odd_trace,3,-54,,,,
18,"[8,14,17]","[2,11,14]",5,3,2,"[1,1]",odd_trace,3,-54,,,,
24,"[1,5,17]","[1,9,21]",1,4,1,"[0,0]",arc_cycle,,,4,"[3,3,6]","[3,4,5]",
24,"[1,5,17]","[9,13,21]",1,4,1,"[0,1]",arc_cycle,,,4,"[3,3,6]","[3,4,5]",
24,"[1,9,13]","[5,9,17]",9,4,0,"[0,0]",multiplier_iso,,,,,,17
24,"[1,9,13]","[5,17,21]",9,4,0,"[0,1]",multiplier_iso,,,,,,5
24,"[1,13,21]","[5,9,17]",9,4,0,"[1,0]",multiplier_iso,,,,,,5
24,"[1,13,21]","[5,17,21]",9,4,0,"[1,1]",multiplier_iso,,,,,,17
24,"[2,6,18]","[2,10,22]",2,2,1,"[0,0]",arc_cycle,,,4,"[3,4,5]","[3,3,6]",
24,"[2,6,18]","[10,14,22]",2,2,1,"[0,1]",arc_cycle,,,4,"[3,4,5]","[3,3,6]",
24,"[2,10,14]","[6,10,18]",10,2,2,"[0,0]",arc_cycle,,,4,"[3,3,6]","[3,4,5]",
24,"[2,10,14]","[6,18,22]",10,2,2,"[0,1]",arc_cycle,,,4,"[3,3,6]","[3,4,5]",
24,"[2,14,22]","[6,10,18]",10,2,2,"[1,0]",arc_cycle,,,4,"[3,3,6]","[3,4,5]",
24,"[2,14,22]","[6,18,22]",10,2,2,"[1,1]",arc_cycle,,,4,"[3,3,6]","[3,4,5]",
24,"[3,7,19]","[3,11,23]",3,4,0,"[0,0]",multiplier_iso,,,,,,17
24,"[3,7,19]","[11,15,23]",3,4,0,"[0,1]",multiplier_iso,,,,,,5
24,"[3,11,15]","[7,11,19]",11,4,2,"[0,0]",arc_cycle,,,4,"[3,4,5]","[3,3,6]",
24,"[3,11,15]","[7,19,23]",11,4,2,"[0,1]",arc_cycle,,,4,"[3,4,5]","[3,3,6]",
24,"[3,15,23]","[7,11,19]",11,4,2,"[1,0]",arc_cycle,,,4,"[3,4,5]","[3,3,6]",
24,"[3,15,23]","[7,19,23]",11,4,2,"[1,1]",arc_cycle,,,4,"[3,4,5]","[3,3,6]",
24,"[4,12,16]","[8,12,20]",0,1,0,"[1,1]",multiplier_iso,,,,,,5
24,"[5,9,21]","[1,5,13]",5,4,2,"[0,0]",arc_cycle,,,4,"[3,4,5]","[3,3,6]",
24,"[5,9,21]","[1,13,17]",5,4,2,"[0,1]",arc_cycle,,,4,"[3,4,5]","[3,3,6]",
24,"[5,13,17]","[1,9,21]",1,4,1,"[1,0]",arc_cycle,,,4,"[3,3,6]","[3,4,5]",
24,"[5,13,17]","[9,13,21]",1,4,1,"[1,1]",arc_cycle,,,4,"[3,3,6]","[3,4,5]",
24,"[6,10,22]","[2,6,14]",6,2,0,"[0,0]",multiplier_iso,,,,,,5
24,"[6,10,22]","[2,14,18]",6,2,0,"[0,1]",multiplier_iso,,,,,,11
24,"[6,14,18]","[2,10,22]",2,2,1,"[1,0]",arc_cycle,,,4,"[3,4,5]","[3,3,6]",
24,"[6,14,18]","[10,14,22]",2,2,1,"[1,1]",arc_cycle,,,4,"[3,4,5]","[3,3,6]",
24,"[7,11,23]","[3,7,15]",7,4,1,"[0,0]",arc_cycle,,,4,"[3,3,6]","[3,4,5]",
24,"[7,11,23]","[3,15,19]",7,4,1,"[0,1]",arc_cycle,,,4,"[3,3,6]","[3,4,5]",
24,"[7,15,19]","[3,11,23]",3,4,0,"[1,0]",multiplier_iso,,,,,,5
24,"[7,15,19]","[11,15,23]",3,4,0,"[1,1]",multiplier_iso,,,,,,17
24,"[9,17,21]","[1,5,13]",5,4,2,"[1,0]",arc_cycle,,,4,"[3,4,5]","[3,3,6]",
24,"[9,17,21]","[1,13,17]",5,4,2,"[1,1]",arc_cycle,,,4,"[3,4,5]","[3,3,6]",
24,"[10,18,22]","[2,6,14]",6,2,0,"[1,0]",multiplier_iso,,,,,,11
24,"[10,18,22]","[2,14,18]",6,2,0,"[1,1]",multiplier_iso,,,,,,5
24,"[11,19,23]","[3,7,15]",7,4,1,"[1,0]",arc_cycle,,,4,"[3,3,6]","[3,4,5]",
24,"[11,19,23]","[3,15,19]",7,4,1,"[1,1]",arc_cycle,,,4,"[3,3,6]","[3,4,5]",
30,"[1,6,21]","[1,11,26]",1,5,1,"[0,0]",odd_trace,5,-270,,,,
30,"[1,6,21]","[11,16,26]",1,5,1,"[0,1]",odd_trace,5,-270,,,,
30,"[1,11,16]","[6,11,21]",11,5,2,"[0,0]",odd_trace,5,270,,,,
30,"[1,11,16]","[6,21,26]",11,5,2,"[0,1]",odd_trace,5,270,,,,
30,"[1,16,26]","[6,11,21]",11,5,2,"[1,0]",odd_trace,5,270,,,,
30,"[1,16,26]","[6,21,26]",11,5,2,"[1,1]",odd_trace,5,270,,,,
30,"[2,7,22]","[2,12,27]",2,5,2,"[0,0]",odd_trace,5,270,,,,
30,"[2,7,22]","[12,17,27]",2,5,2,"[0,1]",odd_trace,5,270,,,,
30,"[2,12,17]","[7,12,22]",12,5,0,"[0,0]",multiplier_iso,,,,,,11
30,"[2,12,17]","[7,22,27]",12,5,0,"[0,1]",odd_trace,5,30,,,,
30,"[2,17,27]","[7,12,22]",12,5,0,"[1,0]",odd_trace,5,-30,,,,
30,"[2,17,27]","[7,22,27]",12,5,0,"[1,1]",multiplier_iso,,,,,,11
30,"[3,8,23]","[3,13,28]",3,5,0,"[0,0]",multiplier_iso,,,,,,11
30,"[3,8,23]","[13,18,28]",3,5,0,"[0,1]",odd_trace,5,-30,,,,
30,"[3,13,18]","[8,13,23]",13,5,1,"[0,0]",odd_trace,5,-270,,,,
30,"[3,13,18]","[8,23,28]",13,5,1,"[0,1]",odd_trace,5,-270,,,,
30,"[3,18,28]","[8,13,23]",13,5,1,"[1,0]",odd_trace,5,-270,,,,
30,"[3,18,28]","[8,23,28]",13,5,1,"[1,1]",odd_trace,5,-270,,,,
30,"[4,9,24]","[4,14,29]",4,5,1,"[0,0]",odd_trace,5,-270,,,,
30,"[4,9,24]","[14,19,29]",4,5,1,"[0,1]",odd_trace,5,-270,,,,
30,"[4,14,19]","[9,14,24]",14,5,2,"[0,0]",odd_trace,5,270,,,,
30,"[4,14,19]","[9,24,29]",14,5,2,"[0,1]",odd_trace,5,270,,,,
30,"[4,19,29]","[9,14,24]",14,5,2,"[1,0]",odd_trace,5,270,,,,
30,"[4,19,29]","[9,24,29]",14,5,2,"[1,1]",odd_trace,5,270,,,,
30,"[5,15,20]","[10,15,25]",0,1,0,"[1,1]",multiplier_iso,,,,,,11
30,"[6,11,26]","[1,6,16]",6,5,0,"[0,0]",multiplier_iso,,,,,,11
30,"[6,11,26]","[1,16,21]",6,5,0,"[0,1]",odd_trace,5,30,,,,
30,"[6,16,21]","[1,11,26]",1,5,1,"[1,0]",odd_trace,5,-270,,,,
30,"[6,16,21]","[11,16,26]",1,5,1,"[1,1]",odd_trace,5,-270,,,,
30,"[7,12,27]","[2,7,17]",7,5,1,"[0,0]",odd_trace,5,-270,,,,
30,"[7,12,27]","[2,17,22]",7,5,1,"[0,1]",odd_trace,5,-270,,,,
30,"[7,17,22]","[2,12,27]",2,5,2,"[1,0]",odd_trace,5,270,,,,
30,"[7,17,22]","[12,17,27]",2,5,2,"[1,1]",odd_trace,5,270,,,,
30,"[8,13,28]","[3,8,18]",8,5,2,"[0,0]",odd_trace,5,270,,,,
30,"[8,13,28]","[3,18,23]",8,5,2,"[0,1]",odd_trace,5,270,,,,
30,"[8,18,23]","[3,13,28]",3,5,0,"[1,0]",odd_trace,5,30,,,,
30,"[8,18,23]","[13,18,28]",3,5,0,"[1,1]",multiplier_iso,,,,,,11
30,"[9,14,29]","[4,9,19]",9,5,0,"[0,0]",multiplier_iso,,,,,,11
30,"[9,14,29]","[4,19,24]",9,5,0,"[0,1]",odd_trace,5,-30,,,,
30,"[9,19,24]","[4,14,29]",4,5,1,"[1,0]",odd_trace,5,-270,,,,
30,"[9,19,24]","[14,19,29]",4,5,1,"[1,1]",odd_trace,5,-270,,,,
30,"[11,21,26]","[1,6,16]",6,5,0,"[1,0]",odd_trace,5,-30,,,,
30,"[11,21,26]","[1,16,21]",6,5,0,"[1,1]",multiplier_iso,,,,,,11
30,"[12,22,27]","[2,7,17]",7,5,1,"[1,0]",odd_trace,5,-270,,,,
30,"[12,22,27]","[2,17,22]",7,5,1,"[1,1]",odd_trace,5,-270,,,,
30,"[13,23,28]","[3,8,18]",8,5,2,"[1,0]",odd_trace,5,270,,,,
30,"[13,23,28]","[3,18,23]",8,5,2,"[1,1]",odd_trace,5,270,,,,
30,"[14,24,29]","[4,9,19]",9,5,0,"[1,0]",odd_trace,5,30,,,,
30,"[14,24,29]","[4,19,24]",9,5,0,"[1,1]",multiplier_iso,,,,,,11
36,"[1,7,25]","[1,13,31]",1,6,1,"[0,0]",arc_cycle,,,6,"[36,45,45]","[40,41,45]",
36,"[1,7,25]","[13,19,31]",1,6,1,"[0,1]",arc_cycle,,,6,"[36,45,45]","[40,41,45]",
36,"[1,13,19]","[7,13,25]",13,6,1,"[0,0]",arc_cycle,,,6,"[36,45,45]","[40,41,45]",
36,"[1,13,19]","[7,25,31]",13,6,1,"[0,1]",arc_cycle,,,6,"[36,45,45]","[40,41,45]",
36,"[1,19,31]","[7,13,25]",13,6,1,"[1,0]",arc_cycle,,,6,"[36,45,45]","[40,41,45]",
36,"[1,19,31]","[7,25,31]",13,6,1,"[1,1]",arc_cycle,,,6,"[36,45,45]","[40,41,45]",
36,"[2,8,26]","[2,14,32]",2,3,1,"[0,0]",odd_trace,3,108,,,,
36,"[2,8,26]","[14,20,32]",2,3,1,"[0,1]",odd_trace,3,108,,,,
36,"[2,14,20]","[8,14,26]",14,3,1,"[0,0]",odd_trace,3,108,,,,
36,"[2,14,20]","[8,26,32]",14,3,1,"[0,1]",odd_trace,3,108,,,,
36,"[2,20,32]","[8,14,26]",14,3,1,"[1,0]",odd_trace,3,108,,,,
36,"[2,20,32]","[8,26,32]",14,3,1,"[1,1]",odd_trace,3,108,,,,
36,"[3,9,27]","[3,15,33]",3,2,1,"[0,0]",arc_cycle,,,4,"[3,4,5]","[3,3,6]",
36,"[3,9,27]","[15,21,33]",3,2,1,"[0,1]",arc_cycle,,,4,"[3,4,5]","[3,3,6]",
36,"[3,15,21]","[9,15,27]",15,2,2,"[0,0]",arc_cycle,,,4,"[3,3,6]","[3,4,5]",
36,"[3,15,21]","[9,27,33]",15,2,2,"[0,1]",arc_cycle,,,4,"[3,3,6]","[3,4,5]",
36,"[3,21,33]","[9,15,27]",15,2,2,"[1,0]",arc_cycle,,,4,"[3,3,6]","[3,4,5]",
36,"[3,21,33]","[9,27,33]",15,2,2,"[1,1]",arc_cycle,,,4,"[3,3,6]","[3,4,5]",
36,"[4,10,28]","[4,16,34]",4,3,2,"[0,0]",odd_trace,3,-108,,,,
36,"[4,10,28]","[16,22,34]",4,3,2,"[0,1]",odd_trace,3,-108,,,,
36,"[4,16,22]","[10,16,28]",16,3,2,"[0,0]",odd_trace,3,-108,,,,
36,"[4,16,22]","[10,28,34]",16,3,2,"[0,1]",odd_trace,3,-108,,,,
36,"[4,22,34]","[10,16,28]",16,3,2,"[1,0]",odd_trace,3,-108,,,,
36,"[4,22,34]","[10,28,34]",16,3,2,"[1,1]",odd_trace,3,-108,,,,
36,"[5,11,29]","[5,17,35]",5,6,2,"[0,0]",arc_cycle,,,6,"[40,41,45]","[36,45,45]",
36,"[5,11,29]","[17,23,35]",5,6,2,"[0,1]",arc_cycle,,,6,"[40,41,45]","[36,45,45]",
36,"[5,17,23]","[11,17,29]",17,6,2,"[0,0]",arc_cycle,,,6,"[40,41,45]","[36,45,45]",
36,"[5,17,23]","[11,29,35]",17,6,2,"[0,1]",arc_cycle,,,6,"[40,41,45]","[36,45,45]",
36,"[5,23,35]","[11,17,29]",17,6,2,"[1,0]",arc_cycle,,,6,"[40,41,45]","[36,45,45]",
36,"[5,23,35]","[11,29,35]",17,6,2,"[1,1]",arc_cycle,,,6,"[40,41,45]","[36,45,45]",
36,"[6,18,24]","[12,18,30]",0,1,0,"[1,1]",multiplier_iso,,,,,,5
36,"[7,13,31]","[1,7,19]",7,6,1,"[0,0]",arc_cycle,,,6,"[36,45,45]","[40,41,45]",
36,"[7,13,31]","[1,19,25]",7,6,1,"[0,1]",arc_cycle,,,6,"[36,45,45]","[40,41,45]",
36,"[7,19,25]","[1,13,31]",1,6,1,"[1,0]",arc_cycle,,,6,"[36,45,45]","[40,41,45]",
36,"[7,19,25]","[13,19,31]",1,6,1,"[1,1]",arc_cycle,,,6,"[36,45,45]","[40,41,45]",
36,"[8,14,32]","[2,8,20]",8,3,1,"[0,0]",odd_trace,3,108,,,,
36,"[8,14,32]","[2,20,26]",8,3,1,"[0,1]",odd_trace,3,108,,,,
36,"[8,20,26]","[2,14,32]",2,3,1,"[1,0]",odd_trace,3,108,,,,
36,"[8,20,26]","[14,20,32]",2,3,1,"[1,1]",odd_trace,3,108,,,,
36,"[9,15,33]","[3,9,21]",9,2,0,"[0,0]",multiplier_iso,,,,,,5
36,"[9,15,33]","[3,21,27]",9,2,0,"[0,1]",multiplier_iso,,,,,,11
36,"[9,21,27]","[3,15,33]",3,2,1,"[1,0]",arc_cycle,,,4,"[3,4,5]","[3,3,6]",
36,"[9,21,27]","[15,21,33]",3,2,1,"[1,1]",arc_cycle,,,4,"[3,4,5]","[3,3,6]",
36,"[10,16,34]","[4,10,22]",10,3,2,"[0,0]",odd_trace,3,-108,,,,
36,"[10,16,34]","[4,22,28]",10,3,2,"[0,1]",odd_trace,3,-108,,,,
36,"[10,22,28]","[4,16,34]",4,3,2,"[1,0]",odd_trace,3,-108,,,,
36,"[10,22,28]","[16,22,34]",4,3,2,"[1,1]",odd_trace,3,-108,,,,
36,"[11,17,35]","[5,11,23]",11,6,2,"[0,0]",arc_cycle,,,6,"[40,41,45]","[36,45,45]",
36,"[11,17,35]","[5,23,29]",11,6,2,"[0,1]",arc_cycle,,,6,"[40,41,45]","[36,45,45]",
36,"[11,23,29]","[5,17,35]",5,6,2,"[1,0]",arc_cycle,,,6,"[40,41,45]","[36,45,45]",
36,"[11,23,29]","[17,23,35]",5,6,2,"[1,1]",arc_cycle,,,6,"[40,41,45]","[36,45,45]",
36,"[13,25,31]","[1,7,19]",7,6,1,"[1,0]",arc_cycle,,,6,"[36,45,45]","[40,41,45]",
36,"[13,25,31]","[1,19,25]",7,6,1,"[1,1]",arc_cycle,,,6,"[36,45,45]","[40,41,45]",
36,"[14,26,32]","[2,8,20]",8,3,1,"[1,0]",odd_trace,3,108,,,,
36,"[14,26,32]","[2,20,26]",8,3,1,"[1,1]",odd_trace,3,108,,,,
36,"[15,27,33]","[3,9,21]",9,2,0,"[1,0]",multiplier_iso,,,,,,11
36,"[15,27,33]","[3,21,27]",9,2,0,"[1,1]",multiplier_iso,,,,,,5
36,"[16,28,34]","[4,10,22]",10,3,2,"[1,0]",odd_trace,3,-108,,,,
36,"[16,28,34]","[4,22,28]",10,3,2,"[1,1]",odd_trace,3,-108,,,,
36,"[17,29,35]","[5,11,23]",11,6,2,"[1,0]",arc_cycle,,,6,"[40,41,45]","[36,45,45]",
36,"[17,29,35]","[5,23,29]",11,6,2,"[1,1]",arc_cycle,,,6,"[40,41,45]","[36,45,45]",
42,"[1,8,29]","[1,15,36]",1,7,1,"[0,0]",odd_trace,7,1134,,,,
42,"[1,8,29]","[15,22,36]",1,7,1,"[0,1]",odd_trace,7,1134,,,,
42,"[1,15,22]","[8,15,29]",15,7,0,"[0,0]",multiplier_iso,,,,,,29
42,"[1,15,22]","[8,29,36]",15,7,0,"[0,1]",odd_trace,7,-42,,,,
42,"[1,22,36]","[8,15,29]",15,7,0,"[1,0]",odd_trace,7,42,,,,
42,"[1,22,36]","[8,29,36]",15,7,0,"[1,1]",multiplier_iso,,,,,,29
42,"[2,9,30]","[2,16,37]",2,7,2,"[0,0]",odd_trace,7,-1134,,,,
42,"[2,9,30]","[16,23,37]",2,7,2,"[0,1]",odd_trace,7,-1134,,,,
42,"[2,16,23]","[9,16,30]",16,7,1,"[0,0]",odd_trace,7,1134,,,,
42,"[2,16,23]","[9,30,37]",16,7,1,"[0,1]",odd_trace,7,1134,,,,
42,"[2,23,37]","[9,16,30]",16,7,1,"[1,0]",odd_trace,7,1134,,,,
42,"[2,23,37]","[9,30,37]",16,7,1,"[1,1]",odd_trace,7,1134,,,,
42,"[3,10,31]","[3,17,38]",3,7,0,"[0,0]",multiplier_iso,,,,,,29
42,"[3,10,31]","[17,24,38]",3,7,0,"[0,1]",odd_trace,7,-42,,,,
42,"[3,17,24]","[10,17,31]",17,7,2,"[0,0]",odd_trace,7,-1134,,,,
42,"[3,17,24]","[10,31,38]",17,7,2,"[0,1]",odd_trace,7,-1134,,,,
42,"[3,24,38]","[10,17,31]",17,7,2,"[1,0]",odd_trace,7,-1134,,,,
42,"[3,24,38]","[10,31,38]",17,7,2,"[1,1]",odd_trace,7,-1134,,,,
42,"[4,11,32]","[4,18,39]",4,7,1,"[0,0]",odd_trace,7,1134,,,,
42,"[4,11,32]","[18,25,39]",4,7,1,"[0,1]",odd_trace,7,1134,,,,
42,"[4,18,25]","[11,18,32]",18,7,0,"[0,0]",multiplier_iso,,,,,,29
42,"[4,18,25]","[11,32,39]",18,7,0,"[0,1]",odd_trace,7,42,,,,
42,"[4,25,39]","[11,18,32]",18,7,0,"[1,0]",odd_trace,7,-42,,,,
42,"[4,25,39]","[11,32,39]",18,7,0,"[1,1]",multiplier_iso,,,,,,29
42,"[5,12,33]","[5,19,40]",5,7,2,"[0,0]",odd_trace,7,-1134,,,,
42,"[5,12,33]","[19,26,40]",5,7,2,"[0,1]",odd_trace,7,-1134,,,,
42,"[5,19,26]","[12,19,33]",19,7,1,"[0,0]",odd_trace,7,1134,,,,
42,"[5,19,26]","[12,33,40]",19,7,1,"[0,1]",odd_trace,7,1134,,,,
42,"[5,26,40]","[12,19,33]",19,7,1,"[1,0]",odd_trace,7,1134,,,,
42,"[5,26,40]","[12,33,40]",19,7,1,"[1,1]",odd_trace,7,1134,,,,
42,"[6,13,34]","[6,20,41]",6,7,0,"[0,0]",multiplier_iso,,,,,,29
42,"[6,13,34]","[20,27,41]",6,7,0,"[0,1]",odd_trace,7,42,,,,
42,"[6,20,27]","[13,20,34]",20,7,2,"[0,0]",odd_trace,7,-1134,,,,
42,"[6,20,27]","[13,34,41]",20,7,2,"[0,1]",odd_trace,7,-1134,,,,
42,"[6,27,41]","[13,20,34]",20,7,2,"[1,0]",odd_trace,7,-1134,,,,
42,"[6,27,41]","[13,34,41]",20,7,2,"[1,1]",odd_trace,7,-1134,,,,
42,"[7,21,28]","[14,21,35]",0,1,0,"[1,1]",multiplier_iso,,,,,,5
42,"[8,15,36]","[1,8,22]",8,7,2,"[0,0]",odd_trace,7,-1134,,,,
42,"[8,15,36]","[1,22,29]",8,7,2,"[0,1]",odd_trace,7,-1134,,,,
42,"[8,22,29]","[1,15,36]",1,7,1,"[1,0]",odd_trace,7,1134,,,,
42,"[8,22,29]","[15,22,36]",1,7,1,"[1,1]",odd_trace,7,1134,,,,
42,"[9,16,37]","[2,9,23]",9,7,0,"[0,0]",multiplier_iso,,,,,,29
42,"[9,16,37]","[2,23,30]",9,7,0,"[0,1]",odd_trace,7,-42,,,,
42,"[9,23,30]","[2,16,37]",2,7,2,"[1,0]",odd_trace,7,-1134,,,,
42,"[9,23,30]","[16,23,37]",2,7,2,"[1,1]",odd_trace,7,-1134,,,,
42,"[10,17,38]","[3,10,24]",10,7,1,"[0,0]",odd_trace,7,1134,,,,
42,"[10,17,38]","[3,24,31]",10,7,1,"[0,1]",odd_trace,7,1134,,,,
42,"[10,24,31]","[3,17,38]",3,7,0,"[1,0]",odd_trace,7,42,,,,
42,"[10,24,31]","[17,24,38]",3,7,0,"[1,1]",multiplier_iso,,,,,,29
42,"[11,18,39]","[4,11,25]",11,7,2,"[0,0]",odd_trace,7,-1134,,,,
42,"[11,18,39]","[4,25,32]",11,7,2,"[0,1]",odd_trace,7,-1134,,,,
42,"[11,25,32]","[4,18,39]",4,7,1,"[1,0]",odd_trace,7,1134,,,,
42,"[11,25,32]","[18,25,39]",4,7,1,"[1,1]",odd_trace,7,1134,,,,
42,"[12,19,40]","[5,12,26]",12,7,0,"[0,0]",multiplier_iso,,,,,,29
42,"[12,19,40]","[5,26,33]",12,7,0,"[0,1]",odd_trace,7,42,,,,
42,"[12,26,33]","[5,19,40]",5,7,2,"[1,0]",odd_trace,7,-1134,,,,
42,"[12,26,33]","[19,26,40]",5,7,2,"[1,1]",odd_trace,7,-1134,,,,
42,"[13,20,41]","[6,13,27]",13,7,1,"[0,0]",odd_trace,7,1134,,,,
42,"[13,20,41]","[6,27,34]",13,7,1,"[0,1]",odd_trace,7,1134,,,,
42,"[13,27,34]","[6,20,41]",6,7,0,"[1,0]",odd_trace,7,-42,,,,
42,"[13,27,34]","[20,27,41]",6,7,0,"[1,1]",multiplier_iso,,,,,,29
42,"[15,29,36]","[1,8,22]",8,7,2,"[1,0]",odd_trace,7,-1134,,,,
42,"[15,29,36]","[1,22,29]",8,7,2,"[1,1]",odd_trace,7,-1134,,,,
42,"[16,30,37]","[2,9,23]",9,7,0,"[1,0]",odd_trace,7,42,,,,
42,"[16,30,37]","[2,23,30]",9,7,0,"[1,1]",multiplier_iso,,,,,,29
42,"[17,31,38]","[3,10,24]",10,7,1,"[1,0]",odd_trace,7,1134,,,,
42,"[17,31,38]","[3,24,31]",10,7,1,"[1,1]",odd_trace,7,1134,,,,
42,"[18,32,39]","[4,11,25]",11,7,2,"[1,0]",odd_trace,7,-1134,,,,
42,"[18,32,39]","[4,25,32]",11,7,2,"[1,1]",odd_trace,7,-1134,,,,
42,"[19,33,40]","[5,12,26]",12,7,0,"[1,0]",odd_trace,7,-42,,,,
42,"[19,33,40]","[5,26,33]",12,7,0,"[1,1]",multiplier_iso,,,,,,29
42,"[20,34,41]","[6,13,27]",13,7,1,"[1,0]",odd_trace,7,1134,,,,
42,"[20,34,41]","[6,27,34]",13,7,1,"[1,1]",odd_trace,7,1134,,,,
48,"[1,9,33]","[1,17,41]",1,8,1,"[0,0]",arc_cycle,,,8,"[351,351,378]","[351,364,365]",
48,"[1,9,33]","[17,25,41]",1,8,1,"[0,1]",arc_cycle,,,8,"[351,351,378]","[351,364,365]",
48,"[1,17,25]","[9,17,33]",17,8,2,"[0,0]",arc_cycle,,,8,"[351,364,365]","[351,351,378]",
48,"[1,17,25]","[9,33,41]",17,8,2,"[0,1]",arc_cycle,,,8,"[351,364,365]","[351,351,378]",
48,"[1,25,41]","[9,17,33]",17,8,2,"[1,0]",arc_cycle,,,8,"[351,364,365]","[351,351,378]",
48,"[1,25,41]","[9,33,41]",17,8,2,"[1,1]",arc_cycle,,,8,"[351,364,365]","[351,351,378]",
48,"[2,10,34]","[2,18,42]",2,4,1,"[0,0]",arc_cycle,,,4,"[3,3,6]","[3,4,5]",
48,"[2,10,34]","[18,26,42]",2,4,1,"[0,1]",arc_cycle,,,4,"[3,3,6]","[3,4,5]",
48,"[2,18,26]","[10,18,34]",18,4,0,"[0,0]",multiplier_iso,,,,,,17
48,"[2,18,26]","[10,34,42]",18,4,0,"[0,1]",multiplier_iso,,,,,,5
48,"[2,26,42]","[10,18,34]",18,4,0,"[1,0]",multiplier_iso,,,,,,5
48,"[2,26,42]","[10,34,42]",18,4,0,"[1,1]",multiplier_iso,,,,,,17
48,"[3,11,35]","[3,19,43]",3,8,0,"[0,0]",multiplier_iso,,,,,,17
48,"[3,11,35]","[19,27,43]",3,8,0,"[0,1]",multiplier_iso,,,,,,41
48,"[3,19,27]","[11,19,35]",19,8,1,"[0,0]",arc_cycle,,,8,"[351,351,378]","[351,364,365]",
48,"[3,19,27]","[11,35,43]",19,8,1,"[0,1]",arc_cycle,,,8,"[351,351,378]","[351,364,365]",
48,"[3,27,43]","[11,19,35]",19,8,1,"[1,0]",arc_cycle,,,8,"[351,351,378]","[351,364,365]",
48,"[3,27,43]","[11,35,43]",19,8,1,"[1,1]",arc_cycle,,,8,"[351,351,378]","[351,364,365]",
48,"[4,12,36]","[4,20,44]",4,2,1,"[0,0]",arc_cycle,,,4,"[3,4,5]","[3,3,6]",
48,"[4,12,36]","[20,28,44]",4,2,1,"[0,1]",arc_cycle,,,4,"[3,4,5]","[3,3,6]",
48,"[4,20,28]","[12,20,36]",20,2,2,"[0,0]",arc_cycle,,,4,"[3,3,6]","[3,4,5]",
48,"[4,20,28]","[12,36,44]",20,2,2,"[0,1]",arc_cycle,,,4,"[3,3,6]","[3,4,5]",
48,"[4,28,44]","[12,20,36]",20,2,2,"[1,0]",arc_cycle,,,4,"[3,3,6]","[3,4,5]",
48,"[4,28,44]","[12,36,44]",20,2,2,"[1,1]",arc_cycle,,,4,"[3,3,6]","[3,4,5]",
48,"[5,13,37]","[5,21,45]",5,8,2,"[0,0]",arc_cycle,,,8,"[351,364,365]","[351,351,378]",
48,"[5,13,37]","[21,29,45]",5,8,2,"[0,1]",arc_cycle,,,8,"[351,364,365]","[351,351,378]",
48,"[5,21,29]","[13,21,37]",21,8,0,"[0,0]",multiplier_iso,,,,,,17
48,"[5,21,29]","[13,37,45]",21,8,0,"[0,1]",multiplier_iso,,,,,,41
48,"[5,29,45]","[13,21,37]",21,8,0,"[1,0]",multiplier_iso,,,,,,41
48,"[5,29,45]","[13,37,45]",21,8,0,"[1,1]",multiplier_iso,,,,,,17
48,"[6,14,38]","[6,22,46]",6,4,0,"[0,0]",multiplier_iso,,,,,,17
48,"[6,14,38]","[22,30,46]",6,4,0,"[0,1]",multiplier_iso,,,,,,5
48,"[6,22,30]","[14,22,38]",22,4,2,"[0,0]",arc_cycle,,,4,"[3,4,5]","[3,3,6]",
48,"[6,22,30]","[14,38,46]",22,4,2,"[0,1]",arc_cycle,,,4,"[3,4,5]","[3,3,6]",
48,"[6,30,46]","[14,22,38]",22,4,2,"[1,0]",arc_cycle,,,4,"[3,4,5]","[3,3,6]",
48,"[6,30,46]","[14,38,46]",22,4,2,"[1,1]",arc_cycle,,,4,"[3,4,5]","[3,3,6]",
48,"[7,15,39]","[7,23,47]",7,8,1,"[0,0]",arc_cycle,,,8,"[351,351,378]","[351,364,365]",
48,"[7,15,39]","[23,31,47]",7,8,1,"[0,1]",arc_cycle,,,8,"[351,351,378]","[351,364,365]",
48,"[7,23,31]","[15,23,39]",23,8,2,"[0,0]",arc_cycle,,,8,"[351,364,365]","[351,351,378]",
48,"[7,23,31]","[15,39,47]",23,8,2,"[0,1]",arc_cycle,,,8,"[351,364,365]","[351,351,378]",
48,"[7,31,47]","[15,23,39]",23,8,2,"[1,0]",arc_cycle,,,8,"[351,364,365]","[351,351,378]",
48,"[7,31,47]","[15,39,47]",23,8,2,"[1,1]",arc_cycle,,,8,"[351,364,365]","[351,351,378]",
48,"[8,24,32]","[16,24,40]",0,1,0,"[1,1]",multiplier_iso,,,,,,5
48,"[9,17,41]","[1,9,25]",9,8,0,"[0,0]",multiplier_iso,,,,,,17
48,"[9,17,41]","[1,25,33]",9,8,0,"[0,1]",multiplier_iso,,,,,,41
48,"[9,25,33]","[1,17,41]",1,8,1,"[1,0]",arc_cycle,,,8,"[351,351,378]","[351,364,365]",
48,"[9,25,33]","[17,25,41]",1,8,1,"[1,1]",arc_cycle,,,8,"[351,351,378]","[351,364,365]",
48,"[10,18,42]","[2,10,26]",10,4,2,"[0,0]",arc_cycle,,,4,"[3,4,5]","[3,3,6]",
48,"[10,18,42]","[2,26,34]",10,4,2,"[0,1]",arc_cycle,,,4,"[3,4,5]","[3,3,6]",
48,"[10,26,34]","[2,18,42]",2,4,1,"[1,0]",arc_cycle,,,4,"[3,3,6]","[3,4,5]",
48,"[10,26,34]","[18,26,42]",2,4,1,"[1,1]",arc_cycle,,,4,"[3,3,6]","[3,4,5]",
48,"[11,19,43]","[3,11,27]",11,8,2,"[0,0]",arc_cycle,,,8,"[351,364,365]","[351,351,378]",
48,"[11,19,43]","[3,27,35]",11,8,2,"[0,1]",arc_cycle,,,8,"[351,364,365]","[351,351,378]",
48,"[11,27,35]","[3,19,43]",3,8,0,"[1,0]",multiplier_iso,,,,,,41
48,"[11,27,35]","[19,27,43]",3,8,0,"[1,1]",multiplier_iso,,,,,,17
48,"[12,20,44]","[4,12,28]",12,2,0,"[0,0]",multiplier_iso,,,,,,5
48,"[12,20,44]","[4,28,36]",12,2,0,"[0,1]",multiplier_iso,,,,,,11
48,"[12,28,36]","[4,20,44]",4,2,1,"[1,0]",arc_cycle,,,4,"[3,4,5]","[3,3,6]",
48,"[12,28,36]","[20,28,44]",4,2,1,"[1,1]",arc_cycle,,,4,"[3,4,5]","[3,3,6]",
48,"[13,21,45]","[5,13,29]",13,8,1,"[0,0]",arc_cycle,,,8,"[351,351,378]","[351,364,365]",
48,"[13,21,45]","[5,29,37]",13,8,1,"[0,1]",arc_cycle,,,8,"[351,351,378]","[351,364,365]",
48,"[13,29,37]","[5,21,45]",5,8,2,"[1,0]",arc_cycle,,,8,"[351,364,365]","[351,351,378]",
48,"[13,29,37]","[21,29,45]",5,8,2,"[1,1]",arc_cycle,,,8,"[351,364,365]","[351,351,378]",
48,"[14,22,46]","[6,14,30]",14,4,1,"[0,0]",arc_cycle,,,4,"[3,3,6]","[3,4,5]",
48,"[14,22,46]","[6,30,38]",14,4,1,"[0,1]",arc_cycle,,,4,"[3,3,6]","[3,4,5]",
48,"[14,30,38]","[6,22,46]",6,4,0,"[1,0]",multiplier_iso,,,,,,5
48,"[14,30,38]","[22,30,46]",6,4,0,"[1,1]",multiplier_iso,,,,,,17
48,"[15,23,47]","[7,15,31]",15,8,0,"[0,0]",multiplier_iso,,,,,,17
48,"[15,23,47]","[7,31,39]",15,8,0,"[0,1]",multiplier_iso,,,,,,41
48,"[15,31,39]","[7,23,47]",7,8,1,"[1,0]",arc_cycle,,,8,"[351,351,378]","[351,364,365]",
48,"[15,31,39]","[23,31,47]",7,8,1,"[1,1]",arc_cycle,,,8,"[351,351,378]","[351,364,365]",
48,"[17,33,41]","[1,9,25]",9,8,0,"[1,0]",multiplier_iso,,,,,,41
48,"[17,33,41]","[1,25,33]",9,8,0,"[1,1]",multiplier_iso,,,,,,17
48,"[18,34,42]","[2,10,26]",10,4,2,"[1,0]",arc_cycle,,,4,"[3,4,5]","[3,3,6]",
48,"[18,34,42]","[2,26,34]",10,4,2,"[1,1]",arc_cycle,,,4,"[3,4,5]","[3,3,6]",
48,"[19,35,43]","[3,11,27]",11,8,2,"[1,0]",arc_cycle,,,8,"[351,364,365]","[351,351,378]",
48,"[19,35,43]","[3,27,35]",11,8,2,"[1,1]",arc_cycle,,,8,"[351,364,365]","[351,351,378]",
48,"[20,36,44]","[4,12,28]",12,2,0,"[1,0]",multiplier_iso,,,,,,11
48,"[20,36,44]","[4,28,36]",12,2,0,"[1,1]",multiplier_iso,,,,,,5
48,"[21,37,45]","[5,13,29]",13,8,1,"[1,0]",arc_cycle,,,8,"[351,351,378]","[351,364,365]",
48,"[21,37,45]","[5,29,37]",13,8,1,"[1,1]",arc_cycle,,,8,"[351,351,378]","[351,364,365]",
48,"[22,38,46]","[6,14,30]",14,4,1,"[1,0]",arc_cycle,,,4,"[3,3,6]","[3,4,5]",
48,"[22,38,46]","[6,30,38]",14,4,1,"[1,1]",arc_cycle,,,4,"[3,3,6]","[3,4,5]",
48,"[23,39,47]","[7,15,31]",15,8,0,"[1,0]",multiplier_iso,,,,,,41
48,"[23,39,47]","[7,31,39]",15,8,0,"[1,1]",multiplier_iso,,,,,,17
54,"[1,10,37]","[1,19,46]",1,9,1,"[0,0]",odd_trace,9,-4374,,,,
54,"[1,10,37]","[19,28,46]",1,9,1,"[0,1]",odd_trace,9,-4374,,,,
54,"[1,19,28]","[10,19,37]",19,9,1,"[0,0]",odd_trace,9,-4374,,,,
54,"[1,19,28]","[10,37,46]",19,9,1,"[0,1]",odd_trace,9,-4374,,,,
54,"[1,28,46]","[10,19,37]",19,9,1,"[1,0]",odd_trace,9,-4374,,,,
54,"[1,28,46]","[10,37,46]",19,9,1,"[1,1]",odd_trace,9,-4374,,,,
54,"[2,11,38]","[2,20,47]",2,9,2,"[0,0]",odd_trace,9,4374,,,,
54,"[2,11,38]","[20,29,47]",2,9,2,"[0,1]",odd_trace,9,4374,,,,
54,"[2,20,29]","[11,20,38]",20,9,2,"[0,0]",odd_trace,9,4374,,,,
54,"[2,20,29]","[11,38,47]",20,9,2,"[0,1]",odd_trace,9,4374,,,,
54,"[2,29,47]","[11,20,38]",20,9,2,"[1,0]",odd_trace,9,4374,,,,
54,"[2,29,47]","[11,38,47]",20,9,2,"[1,1]",odd_trace,9,4374,,,,
54,"[3,12,39]","[3,21,48]",3,3,1,"[0,0]",odd_trace,3,162,,,,
54,"[3,12,39]","[21,30,48]",3,3,1,"[0,1]",odd_trace,3,162,,,,
54,"[3,21,30]","[12,21,39]",21,3,1,"[0,0]",odd_trace,3,162,,,,
54,"[3,21,30]","[12,39,48]",21,3,1,"[0,1]",odd_trace,3,162,,,,
54,"[3,30,48]","[12,21,39]",21,3,1,"[1,0]",odd_trace,3,162,,,,
54,"[3,30,48]","[12,39,48]",21,3,1,"[1,1]",odd_trace,3,162,,,,
54,"[4,13,40]","[4,22,49]",4,9,1,"[0,0]",odd_trace,9,-4374,,,,
54,"[4,13,40]","[22,31,49]",4,9,1,"[0,1]",odd_trace,9,-4374,,,,
54,"[4,22,31]","[13,22,40]",22,9,1,"[0,0]",odd_trace,9,-4374,,,,
54,"[4,22,31]","[13,40,49]",22,9,1,"[0,1]",odd_trace,9,-4374,,,,
54,"[4,31,49]","[13,22,40]",22,9,1,"[1,0]",odd_trace,9,-4374,,,,
54,"[4,31,49]","[13,40,49]",22,9,1,"[1,1]",odd_trace,9,-4374,,,,
54,"[5,14,41]","[5,23,50]",5,9,2,"[0,0]",odd_trace,9,4374,,,,
54,"[5,14,41]","[23,32,50]",5,9,2,"[0,1]",odd_trace,9,4374,,,,
54,"[5,23,32]","[14,23,41]",23,9,2,"[0,0]",odd_trace,9,4374,,,,
54,"[5,23,32]","[14,41,50]",23,9,2,"[0,1]",odd_trace,9,4374,,,,
54,"[5,32,50]","[14,23,41]",23,9,2,"[1,0]",odd_trace,9,4374,,,,
54,"[5,32,50]","[14,41,50]",23,9,2,"[1,1]",odd_trace,9,4374,,,,
54,"[6,15,42]","[6,24,51]",6,3,2,"[0,0]",odd_trace,3,-162,,,,
54,"[6,15,42]","[24,33,51]",6,3,2,"[0,1]",odd_trace,3,-162,,,,
54,"[6,24,33]","[15,24,42]",24,3,2,"[0,0]",odd_trace,3,-162,,,,
54,"[6,24,33]","[15,42,51]",24,3,2,"[0,1]",odd_trace,3,-162,,,,
54,"[6,33,51]","[15,24,42]",24,3,2,"[1,0]",odd_trace,3,-162,,,,
54,"[6,33,51]","[15,42,51]",24,3,2,"[1,1]",odd_trace,3,-162,,,,
54,"[7,16,43]","[7,25,52]",7,9,1,"[0,0]",odd_trace,9,-4374,,,,
54,"[7,16,43]","[25,34,52]",7,9,1,"[0,1]",odd_trace,9,-4374,,,,
54,"[7,25,34]","[16,25,43]",25,9,1,"[0,0]",odd_trace,9,-4374,,,,
54,"[7,25,34]","[16,43,52]",25,9,1,"[0,1]",odd_trace,9,-4374,,,,
54,"[7,34,52]","[16,25,43]",25,9,1,"[1,0]",odd_trace,9,-4374,,,,
54,"[7,34,52]","[16,43,52]",25,9,1,"[1,1]",odd_trace,9,-4374,,,,
54,"[8,17,44]","[8,26,53]",8,9,2,"[0,0]",odd_trace,9,4374,,,,
54,"[8,17,44]","[26,35,53]",8,9,2,"[0,1]",odd_trace,9,4374,,,,
54,"[8,26,35]","[17,26,44]",26,9,2,"[0,0]",odd_trace,9,4374,,,,
54,"[8,26,35]","[17,44,53]",26,9,2,"[0,1]",odd_trace,9,4374,,,,
54,"[8,35,53]","[17,26,44]",26,9,2,"[1,0]",odd_trace,9,4374,,,,
54,"[8,35,53]","[17,44,53]",26,9,2,"[1,1]",odd_trace,9,4374,,,,
54,"[9,27,36]","[18,27,45]",0,1,0,"[1,1]",multiplier_iso,,,,,,5
54,"[10,19,46]","[1,10,28]",10,9,1,"[0,0]",odd_trace,9,-4374,,,,
54,"[10,19,46]","[1,28,37]",10,9,1,"[0,1]",odd_trace,9,-4374,,,,
54,"[10,28,37]","[1,19,46]",1,9,1,"[1,0]",odd_trace,9,-4374,,,,
54,"[10,28,37]","[19,28,46]",1,9,1,"[1,1]",odd_trace,9,-4374,,,,
54,"[11,20,47]","[2,11,29]",11,9,2,"[0,0]",odd_trace,9,4374,,,,
54,"[11,20,47]","[2,29,38]",11,9,2,"[0,1]",odd_trace,9,4374,,,,
54,"[11,29,38]","[2,20,47]",2,9,2,"[1,0]",odd_trace,9,4374,,,,
54,"[11,29,38]","[20,29,47]",2,9,2,"[1,1]",odd_trace,9,4374,,,,
54,"[12,21,48]","[3,12,30]",12,3,1,"[0,0]",odd_trace,3,162,,,,
54,"[12,21,48]","[3,30,39]",12,3,1,"[0,1]",odd_trace,3,162,,,,
54,"[12,30,39]","[3,21,48]",3,3,1,"[1,0]",odd_trace,3,162,,,,
54,"[12,30,39]","[21,30,48]",3,3,1,"[1,1]",odd_trace,3,162,,,,
54,"[13,22,49]","[4,13,31]",13,9,1,"[0,0]",odd_trace,9,-4374,,,,
54,"[13,22,49]","[4,31,40]",13,9,1,"[0,1]",odd_trace,9,-4374,,,,
54,"[13,31,40]","[4,22,49]",4,9,1,"[1,0]",odd_trace,9,-4374,,,,
54,"[13,31,40]","[22,31,49]",4,9,1,"[1,1]",odd_trace,9,-4374,,,,
54,"[14,23,50]","[5,14,32]",14,9,2,"[0,0]",odd_trace,9,4374,,,,
54,"[14,23,50]","[5,32,41]",14,9,2,"[0,1]",odd_trace,9,4374,,,,
54,"[14,32,41]","[5,23,50]",5,9,2,"[1,0]",odd_trace,9,4374,,,,
54,"[14,32,41]","[23,32,50]",5,9,2,"[1,1]",odd_trace,9,4374,,,,
54,"[15,24,51]","[6,15,33]",15,3,2,"[0,0]",odd_trace,3,-162,,,,
54,"[15,24,51]","[6,33,42]",15,3,2,"[0,1]",odd_trace,3,-162,,,,
54,"[15,33,42]","[6,24,51]",6,3,2,"[1,0]",odd_trace,3,-162,,,,
54,"[15,33,42]","[24,33,51]",6,3,2,"[1,1]",odd_trace,3,-162,,,,
54,"[16,25,52]","[7,16,34]",16,9,1,"[0,0]",odd_trace,9,-4374,,,,
54,"[16,25,52]","[7,34,43]",16,9,1,"[0,1]",odd_trace,9,-4374,,,,
54,"[16,34,43]","[7,25,52]",7,9,1,"[1,0]",odd_trace,9,-4374,,,,
54,"[16,34,43]","[25,34,52]",7,9,1,"[1,1]",odd_trace,9,-4374,,,,
54,"[17,26,53]","[8,17,35]",17,9,2,"[0,0]",odd_trace,9,4374,,,,
54,"[17,26,53]","[8,35,44]",17,9,2,"[0,1]",odd_trace,9,4374,,,,
54,"[17,35,44]","[8,26,53]",8,9,2,"[1,0]",odd_trace,9,4374,,,,
54,"[17,35,44]","[26,35,53]",8,9,2,"[1,1]",odd_trace,9,4374,,,,
54,"[19,37,46]","[1,10,28]",10,9,1,"[1,0]",odd_trace,9,-4374,,,,
54,"[19,37,46]","[1,28,37]",10,9,1,"[1,1]",odd_trace,9,-4374,,,,
54,"[20,38,47]","[2,11,29]",11,9,2,"[1,0]",odd_trace,9,4374,,,,
54,"[20,38,47]","[2,29,38]",11,9,2,"[1,1]",odd_trace,9,4374,,,,
54,"[21,39,48]","[3,12,30]",12,3,1,"[1,0]",odd_trace,3,162,,,,
54,"[21,39,48]","[3,30,39]",12,3,1,"[1,1]",odd_trace,3,162,,,,
54,"[22,40,49]","[4,13,31]",13,9,1,"[1,0]",odd_trace,9,-4374,,,,
54,"[22,40,49]","[4,31,40]",13,9,1,"[1,1]",odd_trace,9,-4374,,,,
54,"[23,41,50]","[5,14,32]",14,9,2,"[1,0]",odd_trace,9,4374,,,,
54,"[23,41,50]","[5,32,41]",14,9,2,"[1,1]",odd_trace,9,4374,,,,
54,"[24,42,51]","[6,15,33]",15,3,2,"[1,0]",odd_trace,3,-162,,,,
54,"[24,42,51]","[6,33,42]",15,3,2,"[1,1]",odd_trace,3,-162,,,,
54,"[25,43,52]","[7,16,34]",16,9,1,"[1,0]",odd_trace,9,-4374,,,,
54,"[25,43,52]","[7,34,43]",16,9,1,"[1,1]",odd_trace,9,-4374,,,,
54,"[26,44,53]","[8,17,35]",17,9,2,"[1,0]",odd_trace,9,4374,,,,
54,"[26,44,53]","[8,35,44]",17,9,2,"[1,1]",odd_trace,9,4374,,,,
60,"[1,11,41]","[1,21,51]",1,10,1,"[0,0]",arc_cycle,,,10,"[3240,3321,3321]","[3280,3281,3321]",
60,"[1,11,41]","[21,31,51]",1,10,1,"[0,1]",arc_cycle,,,10,"[3240,3321,3321]","[3280,3281,3321]",
60,"[1,21,31]","[11,21,41]",21,10,0,"[0,0]",multiplier_iso,,,,,,41
60,"[1,21,31]","[11,41,51]",21,10,0,"[0,1]",multiplier_iso,,,,,,11
60,"[1,31,51]","[11,21,41]",21,10,0,"[1,0]",multiplier_iso,,,,,,11
60,"[1,31,51]","[11,41,51]",21,10,0,"[1,1]",multiplier_iso,,,,,,41
60,"[2,12,42]","[2,22,52]",2,5,1,"[0,0]",odd_trace,5,-540,,,,
60,"[2,12,42]","[22,32,52]",2,5,1,"[0,1]",odd_trace,5,-540,,,,
60,"[2,22,32]","[12,22,42]",22,5,2,"[0,0]",odd_trace,5,540,,,,
60,"[2,22,32]","[12,42,52]",22,5,2,"[0,1]",odd_trace,5,540,,,,
60,"[2,32,52]","[12,22,42]",22,5,2,"[1,0]",odd_trace,5,540,,,,
60,"[2,32,52]","[12,42,52]",22,5,2,"[1,1]",odd_trace,5,540,,,,
60,"[3,13,43]","[3,23,53]",3,10,0,"[0,0]",multiplier_iso,,,,,,41
60,"[3,13,43]","[23,33,53]",3,10,0,"[0,1]",multiplier_iso,,,,,,11
60,"[3,23,33]","[13,23,43]",23,10,2,"[0,0]",arc_cycle,,,10,"[3280,3281,3321]","[3240,3321,3321]",
60,"[3,23,33]","[13,43,53]",23,10,2,"[0,1]",arc_cycle,,,10,"[3280,3281,3321]","[3240,3321,3321]",
60,"[3,33,53]","[13,23,43]",23,10,2,"[1,0]",arc_cycle,,,10,"[3280,3281,3321]","[3240,3321,3321]",
60,"[3,33,53]","[13,43,53]",23,10,2,"[1,1]",arc_cycle,,,10,"[3280,3281,3321]","[3240,3321,3321]",
60,"[4,14,44]","[4,24,54]",4,5,2,"[0,0]",odd_trace,5,540,,,,
60,"[4,14,44]","[24,34,54]",4,5,2,"[0,1]",odd_trace,5,540,,,,
60,"[4,24,34]","[14,24,44]",24,5,0,"[0,0]",multiplier_iso,,,,,,11
60,"[4,24,34]","[14,44,54]",24,5,0,"[0,1]",odd_trace,5,60,,,,
60,"[4,34,54]","[14,24,44]",24,5,0,"[1,0]",odd_trace,5,-60,,,,
60,"[4,34,54]","[14,44,54]",24,5,0,"[1,1]",multiplier_iso,,,,,,11
60,"[5,15,45]","[5,25,55]",5,2,1,"[0,0]",arc_cycle,,,4,"[3,4,5]","[3,3,6]",
60,"[5,15,45]","[25,35,55]",5,2,1,"[0,1]",arc_cycle,,,4,"[3,4,5]","[3,3,6]",
60,"[5,25,35]","[15,25,45]",25,2,2,"[0,0]",arc_cycle,,,4,"[3,3,6]","[3,4,5]",
60,"[5,25,35]","[15,45,55]",25,2,2,"[0,1]",arc_cycle,,,4,"[3,3,6]","[3,4,5]",
60,"[5,35,55]","[15,25,45]",25,2,2,"[1,0]",arc_cycle,,,4,"[3,3,6]","[3,4,5]",
60,"[5,35,55]","[15,45,55]",25,2,2,"[1,1]",arc_cycle,,,4,"[3,3,6]","[3,4,5]",
60,"[6,16,46]","[6,26,56]",6,5,0,"[0,0]",multiplier_iso,,,,,,11
60,"[6,16,46]","[26,36,56]",6,5,0,"[0,1]",odd_trace,5,-60,,,,
60,"[6,26,36]","[16,26,46]",26,5,1,"[0,0]",odd_trace,5,-540,,,,
60,"[6,26,36]","[16,46,56]",26,5,1,"[0,1]",odd_trace,5,-540,,,,
60,"[6,36,56]","[16,26,46]",26,5,1,"[1,0]",odd_trace,5,-540,,,,
60,"[6,36,56]","[16,46,56]",26,5,1,"[1,1]",odd_trace,5,-540,,,,
60,"[7,17,47]","[7,27,57]",7,10,1,"[0,0]",arc_cycle,,,10,"[3240,3321,3321]","[3280,3281,3321]",
60,"[7,17,47]","[27,37,57]",7,10,1,"[0,1]",arc_cycle,,,10,"[3240,3321,3321]","[3280,3281,3321]",
60,"[7,27,37]","[17,27,47]",27,10,0,"[0,0]",multiplier_iso,,,,,,41
60,"[7,27,37]","[17,47,57]",27,10,0,"[0,1]",multiplier_iso,,,,,,11
60,"[7,37,57]","[17,27,47]",27,10,0,"[1,0]",multiplier_iso,,,,,,11
60,"[7,37,57]","[17,47,57]",27,10,0,"[1,1]",multiplier_iso,,,,,,41
60,"[8,18,48]","[8,28,58]",8,5,1,"[0,0]",odd_trace,5,-540,,,,
60,"[8,18,48]","[28,38,58]",8,5,1,"[0,1]",odd_trace,5,-540,,,,
60,"[8,28,38]","[18,28,48]",28,5,2,"[0,0]",odd_trace,5,540,,,,
60,"[8,28,38]","[18,48,58]",28,5,2,"[0,1]",odd_trace,5,540,,,,
60,"[8,38,58]","[18,28,48]",28,5,2,"[1,0]",odd_trace,5,540,,,,
60,"[8,38,58]","[18,48,58]",28,5,2,"[1,1]",odd_trace,5,540,,,,
60,"[9,19,49]","[9,29,59]",9,10,0,"[0,0]",multiplier_iso,,,,,,41
60,"[9,19,49]","[29,39,59]",9,10,0,"[0,1]",multiplier_iso,,,,,,11
60,"[9,29,39]","[19,29,49]",29,10,2,"[0,0]",arc_cycle,,,10,"[3280,3281,3321]","[3240,3321,3321]",
60,"[9,29,39]","[19,49,59]",29,10,2,"[0,1]",arc_cycle,,,10,"[3280,3281,3321]","[3240,3321,3321]",
60,"[9,39,59]","[19,29,49]",29,10,2,"[1,0]",arc_cycle,,,10,"[3280,3281,3321]","[3240,3321,3321]",
60,"[9,39,59]","[19,49,59]",29,10,2,"[1,1]",arc_cycle,,,10,"[3280,3281,3321]","[3240,3321,3321]",
60,"[10,30,40]","[20,30,50]",0,1,0,"[1,1]",multiplier_iso,,,,,,11
60,"[11,21,51]","[1,11,31]",11,10,2,"[0,0]",arc_cycle,,,10,"[3280,3281,3321]","[3240,3321,3321]",
60,"[11,21,51]","[1,31,41]",11,10,2,"[0,1]",arc_cycle,,,10,"[3280,3281,3321]","[3240,3321,3321]",
60,"[11,31,41]","[1,21,51]",1,10,1,"[1,0]",arc_cycle,,,10,"[3240,3321,3321]","[3280,3281,3321]",
60,"[11,31,41]","[21,31,51]",1,10,1,"[1,1]",arc_cycle,,,10,"[3240,3321,3321]","[3280,3281,3321]",
60,"[12,22,52]","[2,12,32]",12,5,0,"[0,0]",multiplier_iso,,,,,,11
60,"[12,22,52]","[2,32,42]",12,5,0,"[0,1]",odd_trace,5,60,,,,
60,"[12,32,42]","[2,22,52]",2,5,1,"[1,0]",odd_trace,5,-540,,,,
60,"[12,32,42]","[22,32,52]",2,5,1,"[1,1]",odd_trace,5,-540,,,,
60,"[13,23,53]","[3,13,33]",13,10,1,"[0,0]",arc_cycle,,,10,"[3240,3321,3321]","[3280,3281,3321]",
60,"[13,23,53]","[3,33,43]",13,10,1,"[0,1]",arc_cycle,,,10,"[3240,3321,3321]","[3280,3281,3321]",
60,"[13,33,43]","[3,23,53]",3,10,0,"[1,0]",multiplier_iso,,,,,,11
60,"[13,33,43]","[23,33,53]",3,10,0,"[1,1]",multiplier_iso,,,,,,41
60,"[14,24,54]","[4,14,34]",14,5,1,"[0,0]",odd_trace,5,-540,,,,
60,"[14,24,54]","[4,34,44]",14,5,1,"[0,1]",odd_trace,5,-540,,,,
60,"[14,34,44]","[4,24,54]",4,5,2,"[1,0]",odd_trace,5,540,,,,
60,"[14,34,44]","[24,34,54]",4,5,2,"[1,1]",odd_trace,5,540,,,,
60,"[15,25,55]","[5,15,35]",15,2,0,"[0,0]",multiplier_iso,,,,,,17
60,"[15,25,55]","[5,35,45]",15,2,0,"[0,1]",multiplier_iso,,,,,,11
60,"[15,35,45]","[5,25,55]",5,2,1,"[1,0]",arc_cycle,,,4,"[3,4,5]","[3,3,6]",
60,"[15,35,45]","[25,35,55]",5,2,1,"[1,1]",arc_cycle,,,4,"[3,4,5]","[3,3,6]",
60,"[16,26,56]","[6,16,36]",16,5,2,"[0,0]",odd_trace,5,540,,,,
60,"[16,26,56]","[6,36,46]",16,5,2,"[0,1]",odd_trace,5,540,,,,
60,"[16,36,46]","[6,26,56]",6,5,0,"[1,0]",odd_trace,5,60,,,,
60,"[16,36,46]","[26,36,56]",6,5,0,"[1,1]",multiplier_iso,,,,,,11
60,"[17,27,57]","[7,17,37]",17,10,2,"[0,0]",arc_cycle,,,10,"[3280,3281,3321]","[3240,3321,3321]",
60,"[17,27,57]","[7,37,47]",17,10,2,"[0,1]",arc_cycle,,,10,"[3280,3281,3321]","[3240,3321,3321]",
60,"[17,37,47]","[7,27,57]",7,10,1,"[1,0]",arc_cycle,,,10,"[3240,3321,3321]","[3280,3281,3321]",
60,"[17,37,47]","[27,37,57]",7,10,1,"[1,1]",arc_cycle,,,10,"[3240,3321,3321]","[3280,3281,3321]",
60,"[18,28,58]","[8,18,38]",18,5,0,"[0,0]",multiplier_iso,,,,,,11
60,"[18,28,58]","[8,38,48]",18,5,0,"[0,1]",odd_trace,5,-60,,,,
60,"[18,38,48]","[8,28,58]",8,5,1,"[1,0]",odd_trace,5,-540,,,,
60,"[18,38,48]","[28,38,58]",8,5,1,"[1,1]",odd_trace,5,-540,,,,
60,"[19,29,59]","[9,19,39]",19,10,1,"[0,0]",arc_cycle,,,10,"[3240,3321,3321]","[3280,3281,3321]",
60,"[19,29,59]","[9,39,49]",19,10,1,"[0,1]",arc_cycle,,,10,"[3240,3321,3321]","[3280,3281,3321]",
60,"[19,39,49]","[9,29,59]",9,10,0,"[1,0]",multiplier_iso,,,,,,11
60,"[19,39,49]","[29,39,59]",9,10,0,"[1,1]",multiplier_iso,,,,,,41
60,"[21,41,51]","[1,11,31]",11,10,2,"[1,0]",arc_cycle,,,10,"[3280,3281,3321]","[3240,3321,3321]",
60,"[21,41,51]","[1,31,41]",11,10,2,"[1,1]",arc_cycle,,,10,"[3280,3281,3321]","[3240,3321,3321]",
60,"[22,42,52]","[2,12,32]",12,5,0,"[1,0]",odd_trace,5,-60,,,,
60,"[22,42,52]","[2,32,42]",12,5,0,"[1,1]",multiplier_iso,,,,,,11
60,"[23,43,53]","[3,13,33]",13,10,1,"[1,0]",arc_cycle,,,10,"[3240,3321,3321]","[3280,3281,3321]",
60,"[23,43,53]","[3,33,43]",13,10,1,"[1,1]",arc_cycle,,,10,"[3240,3321,3321]","[3280,3281,3321]",
60,"[24,44,54]","[4,14,34]",14,5,1,"[1,0]",odd_trace,5,-540,,,,
60,"[24,44,54]","[4,34,44]",14,5,1,"[1,1]",odd_trace,5,-540,,,,
60,"[25,45,55]","[5,15,35]",15,2,0,"[1,0]",multiplier_iso,,,,,,11
60,"[25,45,55]","[5,35,45]",15,2,0,"[1,1]",multiplier_iso,,,,,,17
60,"[26,46,56]","[6,16,36]",16,5,2,"[1,0]",odd_trace,5,540,,,,
60,"[26,46,56]","[6,36,46]",16,5,2,"[1,1]",odd_trace,5,540,,,,
60,"[27,47,57]","[7,17,37]",17,10,2,"[1,0]",arc_cycle,,,10,"[3280,3281,3321]","[3240,3321,3321]",
60,"[27,47,57]","[7,37,47]",17,10,2,"[1,1]",arc_cycle,,,10,"[3280,3281,3321]","[3240,3321,3321]",
60,"[28,48,58]","[8,18,38]",18,5,0,"[1,0]",odd_trace,5,60,,,,
60,"[28,48,58]","[8,38,48]",18,5,0,"[1,1]",multiplier_iso,,,,,,11
60,"[29,49,59]","[9,19,39]",19,10,1,"[1,0]",arc_cycle,,,10,"[3240,3321,3321]","[3280,3281,3321]",
60,"[29,49,59]","[9,39,49]",19,10,1,"[1,1]",arc_cycle,,,10,"[3240,3321,3321]","[3280,3281,3321]",
