kind,ratio,q,n,mean_Q_nonzero_off,mean_Q_nonzero_full,mean_diag_energy_term,mean_interference_term,interference_positive,interference_negative
plain,8,7,114,2.6787513985323765,0.007688392260257651,2.669734933852403,0.0013280724197165645,69,45
plain,8,11,114,4.5050981625114686,0.09082223379643507,4.4495582230873385,-0.035282294372304394,72,42
plain,8,13,114,5.341293882071951,0.00268512846077637,5.339469867704806,-0.0008611140936316078,94,20
plain,8,17,114,7.495440586793385,0.6460437888633541,7.11929315693974,-0.26989635900970965,71,43
plain,16,7,114,8.517908764995987,0.006912639873239811,8.505212975384767,0.005783149737983547,58,56
plain,16,11,114,14.325232871067684,0.12674610476320672,14.175354958974612,0.023131807329863363,60,54
plain,16,13,114,17.026651448403253,0.00895288131624705,17.010425950769534,0.007272616317471889,72,42
plain,16,17,114,23.02124100429333,0.42426224932293977,22.68056793435938,-0.08358917938900512,61,53
inverse,8,7,114,82.2660639695936,89.61883720396858,2.669734933852403,-10.022508168227379,14,100
inverse,8,11,114,155.15829548273337,164.13581810008384,4.4495582230873385,-13.427080840437828,20,94
inverse,8,13,114,159.38667866168777,163.0787417347187,5.339469867704806,-9.031532940735715,37,77
inverse,8,17,114,257.31766888220557,263.8662072714587,7.11929315693974,-13.667831546192817,23,91
inverse,16,7,114,335.45624268973563,327.5179327468157,8.505212975384767,-0.5669030324648353,54,60
inverse,16,11,114,436.27888649616114,445.078153670936,14.175354958974612,-22.974622133749467,26,88
inverse,16,13,114,648.1013586079258,682.1429396236441,17.010425950769534,-51.05200696648794,15,99
inverse,16,17,114,865.0979049614892,911.0854395090254,22.68056793435938,-68.6681024818955,14,100
